name,latitude,longitude,提取内容
天路飞瀑旅游景区,30.143953,118.921043,徽州天路自驾游攻略：全程125KM，建议两天时间。途经屯溪古街、徽州天路大峡谷、白际岭观景台等，沿途风光旖旎，包括古树、瀑布、梯田等。适合有经验的驾驶员，建议新手谨慎尝试。推荐住宿白际乡，享受云端之上的美景。
湘湖旅游度假区-香炉水景,30.125958,120.207002,": ""normal"",
        ""title"": ""雨后山茶"",
        ""desc"": ""偷偷告诉山风，我心已随花零落\n#拍照[话题]# #少女写真[话题]# #山茶花[话题]#\"
青山湖相思岛旅游,30.237338,119.77245,": ""normal"",
        ""title"": ""终于有人将杭州青山湖游玩攻略讲清楚了"",
        ""desc"": ""去之前也查了很多攻略，\n去了以后，还是踩了很多坑\n熬夜总结，"
西溪国家湿地公园,30.255079,120.061159,": ""video"",
        ""title"": ""天呐‼️西溪湿地已经美惨了！"",
        ""desc"": ""节日的氛围越来越好了\n西溪湿地都挂上灯笼了\n好好看啊\n\t\n彩灯随"
湘湖国家旅游度假区,30.13226,120.217125,": ""normal"",
        ""title"": ""江浙沪国庆周边游推荐 湘湖边citywalk走起"",
        ""desc"": ""秋天的湘湖，是自然风光的盛宴，更是历史文化的深厚积淀"
杭州风之谷大草原景区,30.145624,119.239771,": ""normal"",
        ""title"": ""不是新疆！！杭州人有自己的“阿勒泰”⛰️"",
        ""desc"": ""啊啊啊美哭了！！杭州周边居然还有这么美的地方\n18张图根本"
大清谷,30.192398,120.066523,": ""normal"",
        ""title"": ""杭州一些适合雨天发呆的地方…🌧️"",
        ""desc"": ""最近杭州又开始下雨了\n分享几个我雨天常去的咖啡馆和茶室\n1️⃣目"
山沟沟旅游区,30.423485,119.711177,": ""normal"",
        ""title"": ""比起九溪，我更推荐杭州这条夏日玩水路线🌊"",
        ""desc"": ""🌊🌊\n夏天就是要约上好朋友，躲进26℃的避暑玩水胜地。一起"
文渊狮城旅游度假区,29.47141,118.668976,千岛湖旅游攻略：5-7月最佳游玩路线，涵盖啤酒小镇、天屿山、文渊狮城等景点，提供交通、美食、住宿建议。适合初次前往的游客，帮助节省时间，避免踩雷。
七里扬帆,29.546884,119.544847,": ""normal"",
        ""title"": ""杭州周边游地图💥杭州团建就这么玩💯"",
        ""desc"": ""杭州团建｜杭州周边游｜江浙沪团建\n·\n不会还有人不知道杭州有什"
欢潭村旅游度假区,29.950264,120.309091,": ""normal"",
        ""title"": ""杭州还藏着一个小众没人的古镇⛰️萧山欢潭村"",
        ""desc"": ""在杭州萧山藏着这样一个古村落\n青山环绕鸟语花香\n村里都"
千岛湖森林氧吧,29.58946,119.218206,": ""normal"",
        ""title"": ""避雷❗第一次去千岛湖一定要做和不要做事情"",
        ""desc"": ""➡️好东家网红餐厅\n[萌萌哒R][萌萌哒R]\n吴磊、周笔"
新沙岛旅游度假区,30.046813,119.984939,": ""normal"",
        ""title"": ""杭州周边游地图💥杭州团建就这么玩💯"",
        ""desc"": ""杭州团建｜杭州周边游｜江浙沪团建\n·\n不会还有人不知道杭州有什"
神龙川风景旅游度假区,30.366979,119.550118,临安旅游攻略，8-10月必游景点包括浙西天池、神龙川风景区、大明山等，推荐美食有核桃酥、昌化卤味等，提供临安云逸山居等住宿推荐。适合秋季游玩，享受自然风光与乡村风情。
长河古镇,30.170096,120.195555,": ""video"",
        ""title"": ""打糍粑的快乐"",
        ""desc"": ""在长河古镇一群中老年人聚在一块轮流打糍粑的快乐时光～#糍粑[话题]# #手工糍粑[话题]#"
杭州半山国家森林公园-仙人谷,30.361266,120.200535,": ""normal"",
        ""title"": ""杭州最值得爬的5️⃣座山！你都去过吗？"",
        ""desc"": ""1️⃣北高峰\n⏰登顶时长：1-2h\n🚶‍♂️徒步路线：老和"
东南湖区旅游码头,29.584559,119.076072,": ""normal"",
        ""title"": ""杭州｜千岛湖（东南湖区）一日游攻略"",
        ""desc"": ""🚄交通出行\n➡️出发｜杭州东站06:43高铁去千岛湖高铁站\n（"
望山桥,30.239296,120.139431,": ""normal"",
        ""title"": ""苏州│凌霄花入扇│中式美学"",
        ""desc"": ""📍地点：虎丘风景区南门，望山桥北堍\n👉凌霄花与黄墙的组合像极了一把折扇，"
富春山居号游船旅游码头,30.046147,119.957238,": ""normal"",
        ""title"": ""别去西湖人挤人，现实版“富春山居图”更绝‼️"",
        ""desc"": ""作为黄公望传世佳作《富春山居图》的创作地“富阳”。千百年"
山沟沟旅游区-茅塘古村落,30.420352,119.719686,": ""normal"",
        ""title"": ""比起九溪，我更推荐杭州这条夏日玩水路线🌊"",
        ""desc"": ""和好朋友一起溯溪、玩水🌊\n躲进26℃夏日避暑玩水胜地\n比"
余杭大径山乡村国家公园,30.395076,119.838845,": ""normal"",
        ""title"": ""杭州径山寺徒步攻略"",
        ""desc"": ""一直听传说径山寺作为求事业的超灵寺庙，本地人之间一直口口相传，今年接着就地过年的机"
富春江七里严滩风景旅游区富春江漂流,29.717053,119.651321,": ""normal"",
        ""title"": ""📍桐庐|淡季出行竟可独享冬日富春江 附攻略"",
        ""desc"": ""年前最后一个周末的说走就走\n竟乘竹筏独览了黄公望笔下的《"
卖鱼桥码头,30.296593,120.145888,": ""normal"",
        ""title"": ""比起西湖、雷峰塔等等，我觉得，杭州最为值得去的地方， 是那些藏着老杭州古韵，人少街清之地——京杭大运河，便是如此。\n带你玩转杭州京杭大运河"
杭州崤山小叠空梦想田园生态旅游区,29.982688,119.623422,": ""normal"",
        ""title"": ""保持快乐的秘诀是：骑摩托车｜日出点推荐"",
        ""desc"": ""太酷啦[得意R]又看到了星空又看到了日出又看到了云海[得意R]"
杭州之江国家旅游度假区,30.177195,120.107481,": ""normal"",
        ""title"": ""未来2-3年杭州的保障房都在哪里？有多少？"",
        ""desc"": ""1.已开工建设项目：文晖单元XC0404-R21-24地块"
江南秘境国际旅游度假区,29.533741,119.543566,": ""normal"",
        ""title"": ""建德旅行|当非遗遇上艺术，会碰撞出什么火花"",
        ""desc"": ""❤️来建德旅行，有个艺术馆是一定要去打卡的，那就是非遗艺术"
锦绣富春·龙门山旅游区,29.885131,119.953991,": ""normal"",
        ""title"": ""杭州徒步新手路线推荐"",
        ""desc"": ""新手徒步路线推荐（由低到高）\n\t\n🐯杭州湘湖老虎洞（湘湖）\n汤家井社区警"
富春江旅游风情小镇,29.685526,119.677078,": ""normal"",
        ""title"": ""淡季散漫独游两日富春江上的村落｜桐庐"",
        ""desc"": ""上海-桐庐自驾 3H可以选择提前一晚上抵达桐庐，如果是杭州出发，"
湘湖国家旅游度假区-玛雅岛,30.124148,120.21593,": ""normal"",
        ""title"": ""别卷樱花了‼湘湖的木绣球才是赏花的天花板"",
        ""desc"": ""最近杭州的樱花和郁金香已经开爆了\n木绣球还会远吗❓\n.\"
湘湖国家旅游度假区-湖山广场,30.135799,120.221098,": ""normal"",
        ""title"": ""在杭州！！一个人少巨松弛的美好地方…"",
        ""desc"": ""比起西湖 这里满眼绿色 广阔安静～\n人巨少！独享如此chill"
湘湖国家旅游度假区-越堤,30.148624,120.235179,": ""normal"",
        ""title"": ""湘湖，一个巨大的能量场（推荐这条路线）"",
        ""desc"": ""被湘湖治愈的一天\n和西湖的熙熙攘攘相比\n湘湖更多了远离喧嚣"
湘湖国家旅游度假区-定山广场,30.116235,120.208844,": ""normal"",
        ""title"": ""杭州湘湖向日葵盛开了🌻没有被台风击倒🌀#杭州周末#杭州旅游#拍照圣地#拍照姿势攻略#湘湖花海\n没有践踏花朵🌼每两米花中间就有一条小道，站着"
湘湖国家旅游度假区-眉山岛,30.125325,120.215668,": ""video"",
        ""title"": ""3.29实拍！湘湖绣球花已开爆！！📍附出片机位"",
        ""desc"": ""杭州樱花没赶上\n千万别再错过木绣球！\n现在湘湖的木绣"
湘湖国家旅游度假区-下孙文化村,30.156944,120.234455,": ""normal"",
        ""title"": ""杭州旅游丨湘湖"",
        ""desc"": ""🌊湘湖深度游攻略 | 遇见醉美湖光山色🌊\n📍地址：浙江省杭州市萧山区湘湖路 132 "
湘湖旅游度假区湘湖花海香田,30.114064,120.213618,": ""normal"",
        ""title"": ""在杭州，找到了“我的阿勒泰”之湘湖分泰！"",
        ""desc"": "".\n《我的阿勒泰》爆火之后\n大家都被新疆的美景吸引\n杭"
湘湖旅游度假区-上善桥,30.136129,120.208889,": ""normal"",
        ""title"": ""我居然才知道❗杭州还有个这么美的免费古镇"",
        ""desc"": ""🌈上次去湘湖还是看荷花，时隔这么久再来，发现这里居然隐藏着个"
湘湖旅游度假区-湘堤,30.153118,120.239551,": ""normal"",
        ""title"": ""找到了！远离喧嚣的春日限定👒湘湖上善桥啊"",
        ""desc"": ""湘湖上善桥（AAAA级景点） #湘湖旅游度假区-上善桥[地点"
湘湖旅游度假区-荷花庄,30.148666,120.228652,": ""video"",
        ""title"": ""杭州100个地方·湘湖赏花🪷一日游路线！"",
        ""desc"": ""去看荷花啦！！！\n📍地址：湘湖旅游度假区-荷花庄\n🚇交通："
湘湖旅游度假区-步鱼桥,30.141461,120.216988,": ""normal"",
        ""title"": ""杭州还有哪个姐妹👭没有打卡这片花海❗️"",
        ""desc"": ""#用镜头捕捉初夏[话题]#\n不是良渚！！！\n在湘湖❗️❗️"
湘湖旅游度假区-尚书桥,30.133647,120.219966,": ""normal"",
        ""title"": ""真的是在杭州！！！杭州！！🍂"",
        ""desc"": ""已经开始想念湘湖的秋天🐿️🪵✨\n湘湖的秋天才是top level……\"
湘湖旅游度假区-天鹅池,30.147537,120.227433,": ""normal"",
        ""title"": ""人少好逛！这个冬天去湘湖别错过枫叶艺术节"",
        ""desc"": ""湘湖的冬天已经到next level了\n水杉、飞鸟、芦苇、"
七里扬帆乾潭旅游码头,29.615356,119.554705,": ""video"",
        ""title"": ""建德‼️你不宣传这里你糊涂啊…"",
        ""desc"": ""这个暑假 避开人流👬\n选一处秘境🏞扬帆🚢起航\n距离杭州市区一小时车程"
湘湖旅游度假区卧虹桥,30.154072,120.23339,": ""normal"",
        ""title"": ""别卷樱花了‼湘湖的木绣球才是赏花的天花板"",
        ""desc"": ""最近杭州的樱花和郁金香已经开爆了\n木绣球还会远吗❓\n.\"
窑里坞船埠,30.150307,120.236511,": ""normal"",
        ""title"": ""夏天的命是空调给的——湘湖"",
        ""desc"": ""2024.7.3 第一次打卡#湘湖[话题]# #荷花[话题]#\n上午十点"
湘湖旅游度假区-跨湖桥,30.144349,120.226255,": ""normal"",
        ""title"": ""飞向春天吧|湘湖的这片梅花林太浪漫了💕"",
        ""desc"": "".\n近期杭州终于放晴了🌞\n春天的脚步越来越近\n我的赏花🌸"
湘湖旅游度假区-湘湖金沙滩,30.120615,120.218668,": ""normal"",
        ""title"": ""这不是三亚 这是杭州湘湖"",
        ""desc"": ""被湘湖沙滩公园的落日\n给浪漫住了！\n谁能拒绝这一天空的橘色晚霞呢～\n美"
湘湖旅游度假区-仙人桥,30.147945,120.224978,": ""normal"",
        ""title"": ""萧山你糊涂啊！不宣传这里！溯溪玩水露营地"",
        ""desc"": ""📍位置:湘湖仙人桥\n🚗自驾: 湘庄停车场5r/小时\n🚌公"
湖山船埠,30.135618,120.219536,": ""normal"",
        ""title"": ""在杭州！赵露思同款湘湖红杉林路线！美哭了"",
        ""desc"": ""在杭州❗羡慕在湘湖红杉林偶遇赵露思的宝子们，这个时期的“洱海"
湘湖旅游度假区-云洲敛翠,30.132995,120.217338,": ""normal"",
        ""title"": ""再过半个月，杭州这里将美到top level❗️"",
        ""desc"": ""杭州赏秋，怎能少了这片“洱海同款”红杉林\n红杉、飞"
湘湖旅游度假区-妙造天然,30.124382,120.197659,": ""normal"",
        ""title"": ""⛰️杭州竟然还有这样的骑行路线！"",
        ""desc"": ""【诸坞林道线】路线在最后一张图\n\t\n这种与世隔绝\n全世界仿佛"
山沟沟旅游区-杭州汤坑景区,30.42169,119.701093,": ""video"",
        ""title"": ""在杭州的深山，我发现了一处超魔幻的建筑"",
        ""desc"": ""杭州拍摄绝佳机位\n地址：鸬鸟山沟沟汤坑景区\n#本地人去哪玩["
湘湖旅游度假区-飞龙桥,30.15564,120.232531,": ""normal"",
        ""title"": ""杭州野餐好去处-湘湖"",
        ""desc"": ""临时决定去湘湖，匆匆忙忙准备了一下，最近车里常备野餐道具，家里自己泡的咖啡，带了"
湘湖旅游度假区-青山张东桥,30.129461,120.205697,": ""normal"",
        ""title"": ""春天在哪里之湘湖度假区二期篇"",
        ""desc"": ""周围的孩子们都喜爱搭帐篷、野餐，乐此不疲。春天一路桃红柳绿，阳光甚好，明"
湘湖旅游度假区-秋月轩,30.134966,120.218373,": ""normal"",
        ""title"": ""救命啊 湘湖水杉这些机位都好好看啊！live"",
        ""desc"": ""最近湘湖真的杀疯了\n红枫红杉树\n日落晚霞\n打卡的人"
湘湖旅游度假区-逍遥梁,30.123739,120.217324,": ""normal"",
        ""title"": ""感觉这里明天会变成“太挤岛”-湘湖玛雅岛"",
        ""desc"": ""明天要晴天了，又是周末。现在玛雅岛的绣球花盛开，还伴有晚樱和"
湘湖旅游度假区-古纤道,30.147438,120.233822,nan 0.0
湘湖旅游度假区-平远亭,30.132309,120.216128,nan 0.0
湘湖旅游度假区-掬星岛,30.151769,120.234232,": ""normal"",
        ""title"": ""🌊湘湖对你比了个心，遇见诗意人生🍃"",
        ""desc"": ""🌸想要逃离城市的喧嚣，寻找一片宁静的湖心秘境吗？\n那么，湘湖掬星"
湘湖旅游度假区-越王桥,30.149093,120.232609,nan 0.0
湘湖旅游度假区-忆杨亭,30.152954,120.239474,nan 0.0
青浦问莼,30.129818,120.216298,": ""normal"",
        ""title"": ""杭州 | 湘湖木绣球实拍 四月份一到就可以冲"",
        ""desc"": ""摄于:2025年3月28日\n\t\n今日湘湖木绣球还没"
湘湖国家旅游度假区-听月亭,30.113333,120.192109,nan 0.0
象山船埠,30.144715,120.21975,": ""normal"",
        ""title"": ""杭州Forest Walk｜湘湖夏日清凉赏荷"",
        ""desc"": ""📸20240624\n✐. 〰︎\n夏日赏荷，清凉For"
湘湖旅游度假区-杨时雕像,30.138957,120.222197,": ""normal"",
        ""title"": ""杭州骑行丨绝美赏秋环线！看杉！看水！"",
        ""desc"": ""#杭州旅游[话题]#  #日常骑行[话题]#  #杭州周末去哪儿"
湘湖旅游度假区-一镜容天,30.15453,120.238954,nan 0.0
湘湖旅游度假区-湘湖摇橹船码头,30.15287,120.239391,nan 0.0
湘湖旅游度假区-起云阁,30.148081,120.228254,": ""normal"",
        ""title"": ""湘湖开放夜游，能改变不温不火的困境吗"",
        ""desc"": ""湘湖最近宣布开放夜游，时间从6月29日至10月7日，其中9月仅周"
湘湖旅游度假区-巡越台,30.12765,120.210614,nan 0.0
湘湖旅游度假区-望漪亭,30.12745,120.215408,nan 0.0
湘湖旅游度假区-湘湖燕尔园,30.145348,120.224355,nan 0.0
湘湖国家旅游度假区-四亭桥,30.125464,120.203576,nan 0.0
湘湖旅游度假区-净澜亭,30.139228,120.220332,nan 0.0
湘湖旅游度假区-城山广场船埠,30.150672,120.231179,nan 0.0
湘湖国家旅游度假区-桐轩亭,30.114693,120.195163,nan 0.0
湘湖旅游度假区-梦湖桥,30.148907,120.234694,nan 0.0
湘湖旅游度假区-祖道亭,30.151233,120.231567,nan 0.0
湘湖旅游度假区-风荷亭,30.14881,120.229209,nan 0.0
湘湖旅游度假区-送青阁,30.126198,120.204548,nan 0.0
湘湖国家旅游度假区-华妃亭,30.138904,120.210984,nan 0.0
湘湖旅游度假区-石岩山船埠,30.127751,120.216876,nan 0.0
湘湖旅游度假区-城山怀古,30.150727,120.230943,nan 0.0
湘湖国家旅游度假区-澹然亭,30.129418,120.207958,nan 0.0
湘湖旅游度假区-定澜桥,30.149129,120.23129,nan 0.0
湘湖旅游度假区-眉山船埠,30.125306,120.214729,nan 0.0
湘湖旅游度假区-竞潮林,30.13724,120.22227,nan 0.0
湘湖旅游度假区-如意亭,30.144888,120.224017,nan 0.0
湘湖旅游度假区-孙氏宗祠,30.156841,120.234168,nan 0.0
湘湖国家旅游度假区-又绿亭,30.12388,120.200424,nan 0.0
湘湖旅游度假区-政和桥,30.126454,120.207205,nan 0.0
湘湖旅游度假区-香炉水景,30.125958,120.207002,": ""normal"",
        ""title"": ""雨后山茶"",
        ""desc"": ""偷偷告诉山风，我心已随花零落\n#拍照[话题]# #少女写真[话题]# #山茶花[话题]#\"
湘湖国家旅游度假区-蝶来亭,30.125239,120.200427,nan 0.0
杭州狐妖小红娘景区,30.101761,119.240982,nan 0.0
跨湖桥遗址,30.142036,120.224818,": ""normal"",
        ""title"": ""⛳湘湖游玩干货‼️一张图告诉你湘湖怎么玩"",
        ""desc"": ""带着温开水刷了N次的湘湖，总结一张图告诉大家湘湖主线怎么玩，"
湘湖旅游度假区-漾波桥,30.139434,120.222897,nan 0.0
浙江省杭州市千岛湖风景旅游区天池景区,29.530905,119.143695,nan 0.0
红色茶山国家3A旅游景区,29.498816,118.442795,nan 0.0
宝猪桥,30.127822,120.203988,": ""normal"",
        ""title"": ""少有人走的湘湖赏秋路线～避开人山人海"",
        ""desc"": ""缓缓飘落的枫叶像思念～湘湖边不止有水杉还有枫叶🍁湘湖面积比西湖大"
湘湖旅游度假区-下孙遗址(鹭屿),30.15698,120.234478,nan 0.0
浙江省杭州市千岛湖风景旅游区天池景区,29.530905,119.143695,nan 0.0
湘湖旅游度假区-跨湖夜月,30.145023,120.224804,nan 0.0
